figure_group,wandb_source_file,report_file,original_tiff,split_type,fold,epoch,panel_type,description
fold1_progress,figures/wandb/training/fold1/input_image_10_18354afca2e57607e2eb.png,figures/report_images/training/fold1/input_image_10_18354afca2e57607e2eb.png,13_20250724_Plate1_C3_D7_MAX_Crop.tif,validation,1,10,input_image,Fold 1 validation input_image at epoch 10
fold1_progress,figures/wandb/training/fold1/input_image_21_18354afca2e57607e2eb.png,figures/report_images/training/fold1/input_image_21_18354afca2e57607e2eb.png,13_20250724_Plate1_C3_D7_MAX_Crop.tif,validation,1,20,input_image,Fold 1 validation input_image at epoch 20
fold1_progress,figures/wandb/training/fold1/input_image_32_18354afca2e57607e2eb.png,figures/report_images/training/fold1/input_image_32_18354afca2e57607e2eb.png,13_20250724_Plate1_C3_D7_MAX_Crop.tif,validation,1,30,input_image,Fold 1 validation input_image at epoch 30
fold1_progress,figures/wandb/training/fold1/input_image_43_18354afca2e57607e2eb.png,figures/report_images/training/fold1/input_image_43_18354afca2e57607e2eb.png,13_20250724_Plate1_C3_D7_MAX_Crop.tif,validation,1,40,input_image,Fold 1 validation input_image at epoch 40
fold1_progress,figures/wandb/training/fold1/input_image_54_18354afca2e57607e2eb.png,figures/report_images/training/fold1/input_image_54_18354afca2e57607e2eb.png,13_20250724_Plate1_C3_D7_MAX_Crop.tif,validation,1,50,input_image,Fold 1 validation input_image at epoch 50
fold1_progress,figures/wandb/training/fold1/input_image_65_18354afca2e57607e2eb.png,figures/report_images/training/fold1/input_image_65_18354afca2e57607e2eb.png,13_20250724_Plate1_C3_D7_MAX_Crop.tif,validation,1,60,input_image,Fold 1 validation input_image at epoch 60
fold1_progress,figures/wandb/training/fold1/input_image_76_18354afca2e57607e2eb.png,figures/report_images/training/fold1/input_image_76_18354afca2e57607e2eb.png,13_20250724_Plate1_C3_D7_MAX_Crop.tif,validation,1,70,input_image,Fold 1 validation input_image at epoch 70
fold1_progress,figures/wandb/training/fold1/ch_grad_10_3eb077088a5f961fc783.png,figures/report_images/training/fold1/ch_grad_10_3eb077088a5f961fc783.png,13_20250724_Plate1_C3_D7_MAX_Crop.tif,validation,1,10,ch_grad,Fold 1 validation ch_grad at epoch 10
fold1_progress,figures/wandb/training/fold1/ch_grad_21_3eb077088a5f961fc783.png,figures/report_images/training/fold1/ch_grad_21_3eb077088a5f961fc783.png,13_20250724_Plate1_C3_D7_MAX_Crop.tif,validation,1,20,ch_grad,Fold 1 validation ch_grad at epoch 20
fold1_progress,figures/wandb/training/fold1/ch_grad_32_3eb077088a5f961fc783.png,figures/report_images/training/fold1/ch_grad_32_3eb077088a5f961fc783.png,13_20250724_Plate1_C3_D7_MAX_Crop.tif,validation,1,30,ch_grad,Fold 1 validation ch_grad at epoch 30
fold1_progress,figures/wandb/training/fold1/ch_grad_43_3eb077088a5f961fc783.png,figures/report_images/training/fold1/ch_grad_43_3eb077088a5f961fc783.png,13_20250724_Plate1_C3_D7_MAX_Crop.tif,validation,1,40,ch_grad,Fold 1 validation ch_grad at epoch 40
fold1_progress,figures/wandb/training/fold1/ch_grad_54_3eb077088a5f961fc783.png,figures/report_images/training/fold1/ch_grad_54_3eb077088a5f961fc783.png,13_20250724_Plate1_C3_D7_MAX_Crop.tif,validation,1,50,ch_grad,Fold 1 validation ch_grad at epoch 50
fold1_progress,figures/wandb/training/fold1/ch_grad_65_3eb077088a5f961fc783.png,figures/report_images/training/fold1/ch_grad_65_3eb077088a5f961fc783.png,13_20250724_Plate1_C3_D7_MAX_Crop.tif,validation,1,60,ch_grad,Fold 1 validation ch_grad at epoch 60
fold1_progress,figures/wandb/training/fold1/ch_grad_76_3eb077088a5f961fc783.png,figures/report_images/training/fold1/ch_grad_76_3eb077088a5f961fc783.png,13_20250724_Plate1_C3_D7_MAX_Crop.tif,validation,1,70,ch_grad,Fold 1 validation ch_grad at epoch 70
fold1_progress,figures/wandb/training/fold1/ch_sharp_10_5e3770845454a63270a2.png,figures/report_images/training/fold1/ch_sharp_10_5e3770845454a63270a2.png,13_20250724_Plate1_C3_D7_MAX_Crop.tif,validation,1,10,ch_sharp,Fold 1 validation ch_sharp at epoch 10
fold1_progress,figures/wandb/training/fold1/ch_sharp_21_5e3770845454a63270a2.png,figures/report_images/training/fold1/ch_sharp_21_5e3770845454a63270a2.png,13_20250724_Plate1_C3_D7_MAX_Crop.tif,validation,1,20,ch_sharp,Fold 1 validation ch_sharp at epoch 20
fold1_progress,figures/wandb/training/fold1/ch_sharp_32_5e3770845454a63270a2.png,figures/report_images/training/fold1/ch_sharp_32_5e3770845454a63270a2.png,13_20250724_Plate1_C3_D7_MAX_Crop.tif,validation,1,30,ch_sharp,Fold 1 validation ch_sharp at epoch 30
fold1_progress,figures/wandb/training/fold1/ch_sharp_43_5e3770845454a63270a2.png,figures/report_images/training/fold1/ch_sharp_43_5e3770845454a63270a2.png,13_20250724_Plate1_C3_D7_MAX_Crop.tif,validation,1,40,ch_sharp,Fold 1 validation ch_sharp at epoch 40
fold1_progress,figures/wandb/training/fold1/ch_sharp_54_5e3770845454a63270a2.png,figures/report_images/training/fold1/ch_sharp_54_5e3770845454a63270a2.png,13_20250724_Plate1_C3_D7_MAX_Crop.tif,validation,1,50,ch_sharp,Fold 1 validation ch_sharp at epoch 50
fold1_progress,figures/wandb/training/fold1/ch_sharp_65_5e3770845454a63270a2.png,figures/report_images/training/fold1/ch_sharp_65_5e3770845454a63270a2.png,13_20250724_Plate1_C3_D7_MAX_Crop.tif,validation,1,60,ch_sharp,Fold 1 validation ch_sharp at epoch 60
fold1_progress,figures/wandb/training/fold1/ch_sharp_76_5e3770845454a63270a2.png,figures/report_images/training/fold1/ch_sharp_76_5e3770845454a63270a2.png,13_20250724_Plate1_C3_D7_MAX_Crop.tif,validation,1,70,ch_sharp,Fold 1 validation ch_sharp at epoch 70
fold1_progress,figures/wandb/training/fold1/gt_mask_10_95ae520d05c0cf04fd34.png,figures/report_images/training/fold1/gt_mask_10_95ae520d05c0cf04fd34.png,13_20250724_Plate1_C3_D7_MAX_Crop.tif,validation,1,10,gt_mask,Fold 1 validation gt_mask at epoch 10
fold1_progress,figures/wandb/training/fold1/gt_mask_21_95ae520d05c0cf04fd34.png,figures/report_images/training/fold1/gt_mask_21_95ae520d05c0cf04fd34.png,13_20250724_Plate1_C3_D7_MAX_Crop.tif,validation,1,20,gt_mask,Fold 1 validation gt_mask at epoch 20
fold1_progress,figures/wandb/training/fold1/gt_mask_32_95ae520d05c0cf04fd34.png,figures/report_images/training/fold1/gt_mask_32_95ae520d05c0cf04fd34.png,13_20250724_Plate1_C3_D7_MAX_Crop.tif,validation,1,30,gt_mask,Fold 1 validation gt_mask at epoch 30
fold1_progress,figures/wandb/training/fold1/gt_mask_43_95ae520d05c0cf04fd34.png,figures/report_images/training/fold1/gt_mask_43_95ae520d05c0cf04fd34.png,13_20250724_Plate1_C3_D7_MAX_Crop.tif,validation,1,40,gt_mask,Fold 1 validation gt_mask at epoch 40
fold1_progress,figures/wandb/training/fold1/gt_mask_54_95ae520d05c0cf04fd34.png,figures/report_images/training/fold1/gt_mask_54_95ae520d05c0cf04fd34.png,13_20250724_Plate1_C3_D7_MAX_Crop.tif,validation,1,50,gt_mask,Fold 1 validation gt_mask at epoch 50
fold1_progress,figures/wandb/training/fold1/gt_mask_65_95ae520d05c0cf04fd34.png,figures/report_images/training/fold1/gt_mask_65_95ae520d05c0cf04fd34.png,13_20250724_Plate1_C3_D7_MAX_Crop.tif,validation,1,60,gt_mask,Fold 1 validation gt_mask at epoch 60
fold1_progress,figures/wandb/training/fold1/gt_mask_76_95ae520d05c0cf04fd34.png,figures/report_images/training/fold1/gt_mask_76_95ae520d05c0cf04fd34.png,13_20250724_Plate1_C3_D7_MAX_Crop.tif,validation,1,70,gt_mask,Fold 1 validation gt_mask at epoch 70
fold1_progress,figures/wandb/training/fold1/pred_prob_10_cd03861fe91aa6fe40d9.png,figures/report_images/training/fold1/pred_prob_10_cd03861fe91aa6fe40d9.png,13_20250724_Plate1_C3_D7_MAX_Crop.tif,validation,1,10,pred_prob,Fold 1 validation pred_prob at epoch 10
fold1_progress,figures/wandb/training/fold1/pred_prob_21_11b4f7b552bccb04193a.png,figures/report_images/training/fold1/pred_prob_21_11b4f7b552bccb04193a.png,13_20250724_Plate1_C3_D7_MAX_Crop.tif,validation,1,20,pred_prob,Fold 1 validation pred_prob at epoch 20
fold1_progress,figures/wandb/training/fold1/pred_prob_32_e7fc96357be76d8f5527.png,figures/report_images/training/fold1/pred_prob_32_e7fc96357be76d8f5527.png,13_20250724_Plate1_C3_D7_MAX_Crop.tif,validation,1,30,pred_prob,Fold 1 validation pred_prob at epoch 30
fold1_progress,figures/wandb/training/fold1/pred_prob_43_dbc3b66d9f8eeb51d528.png,figures/report_images/training/fold1/pred_prob_43_dbc3b66d9f8eeb51d528.png,13_20250724_Plate1_C3_D7_MAX_Crop.tif,validation,1,40,pred_prob,Fold 1 validation pred_prob at epoch 40
fold1_progress,figures/wandb/training/fold1/pred_prob_54_b4501f1a3cecc1f2371b.png,figures/report_images/training/fold1/pred_prob_54_b4501f1a3cecc1f2371b.png,13_20250724_Plate1_C3_D7_MAX_Crop.tif,validation,1,50,pred_prob,Fold 1 validation pred_prob at epoch 50
fold1_progress,figures/wandb/training/fold1/pred_prob_65_ff3421550fdeac914d94.png,figures/report_images/training/fold1/pred_prob_65_ff3421550fdeac914d94.png,13_20250724_Plate1_C3_D7_MAX_Crop.tif,validation,1,60,pred_prob,Fold 1 validation pred_prob at epoch 60
fold1_progress,figures/wandb/training/fold1/pred_prob_76_1eea62d3057858b9c249.png,figures/report_images/training/fold1/pred_prob_76_1eea62d3057858b9c249.png,13_20250724_Plate1_C3_D7_MAX_Crop.tif,validation,1,70,pred_prob,Fold 1 validation pred_prob at epoch 70
fold1_progress,figures/wandb/training/fold1/pred_binary_10_3b90580940e0c5fc10f1.png,figures/report_images/training/fold1/pred_binary_10_3b90580940e0c5fc10f1.png,13_20250724_Plate1_C3_D7_MAX_Crop.tif,validation,1,10,pred_binary,Fold 1 validation pred_binary at epoch 10
fold1_progress,figures/wandb/training/fold1/pred_binary_21_89ff2df30d3062d6c38e.png,figures/report_images/training/fold1/pred_binary_21_89ff2df30d3062d6c38e.png,13_20250724_Plate1_C3_D7_MAX_Crop.tif,validation,1,20,pred_binary,Fold 1 validation pred_binary at epoch 20
fold1_progress,figures/wandb/training/fold1/pred_binary_32_c31e9cd653952d2b9a79.png,figures/report_images/training/fold1/pred_binary_32_c31e9cd653952d2b9a79.png,13_20250724_Plate1_C3_D7_MAX_Crop.tif,validation,1,30,pred_binary,Fold 1 validation pred_binary at epoch 30
fold1_progress,figures/wandb/training/fold1/pred_binary_43_85ce19c9c4c2730709fe.png,figures/report_images/training/fold1/pred_binary_43_85ce19c9c4c2730709fe.png,13_20250724_Plate1_C3_D7_MAX_Crop.tif,validation,1,40,pred_binary,Fold 1 validation pred_binary at epoch 40
fold1_progress,figures/wandb/training/fold1/pred_binary_54_3dba20d3db1f340aafca.png,figures/report_images/training/fold1/pred_binary_54_3dba20d3db1f340aafca.png,13_20250724_Plate1_C3_D7_MAX_Crop.tif,validation,1,50,pred_binary,Fold 1 validation pred_binary at epoch 50
fold1_progress,figures/wandb/training/fold1/pred_binary_65_e09805658766a2c4fa0b.png,figures/report_images/training/fold1/pred_binary_65_e09805658766a2c4fa0b.png,13_20250724_Plate1_C3_D7_MAX_Crop.tif,validation,1,60,pred_binary,Fold 1 validation pred_binary at epoch 60
fold1_progress,figures/wandb/training/fold1/pred_binary_76_3d5779563ba12cb69a96.png,figures/report_images/training/fold1/pred_binary_76_3d5779563ba12cb69a96.png,13_20250724_Plate1_C3_D7_MAX_Crop.tif,validation,1,70,pred_binary,Fold 1 validation pred_binary at epoch 70
fold1_progress,figures/wandb/training/fold1/attn1_overlay_10_a17898c946c7d1e94797.png,figures/report_images/training/fold1/attn1_overlay_10_a17898c946c7d1e94797.png,13_20250724_Plate1_C3_D7_MAX_Crop.tif,validation,1,10,attn1_overlay,Fold 1 validation attn1_overlay at epoch 10
fold1_progress,figures/wandb/training/fold1/attn1_overlay_21_01beaa81a63181d3aa4d.png,figures/report_images/training/fold1/attn1_overlay_21_01beaa81a63181d3aa4d.png,13_20250724_Plate1_C3_D7_MAX_Crop.tif,validation,1,20,attn1_overlay,Fold 1 validation attn1_overlay at epoch 20
fold1_progress,figures/wandb/training/fold1/attn1_overlay_32_47f1df20220e54f85373.png,figures/report_images/training/fold1/attn1_overlay_32_47f1df20220e54f85373.png,13_20250724_Plate1_C3_D7_MAX_Crop.tif,validation,1,30,attn1_overlay,Fold 1 validation attn1_overlay at epoch 30
fold1_progress,figures/wandb/training/fold1/attn1_overlay_43_f37d44237c8f026690d3.png,figures/report_images/training/fold1/attn1_overlay_43_f37d44237c8f026690d3.png,13_20250724_Plate1_C3_D7_MAX_Crop.tif,validation,1,40,attn1_overlay,Fold 1 validation attn1_overlay at epoch 40
fold1_progress,figures/wandb/training/fold1/attn1_overlay_54_088f2964a5bbce6faf34.png,figures/report_images/training/fold1/attn1_overlay_54_088f2964a5bbce6faf34.png,13_20250724_Plate1_C3_D7_MAX_Crop.tif,validation,1,50,attn1_overlay,Fold 1 validation attn1_overlay at epoch 50
fold1_progress,figures/wandb/training/fold1/attn1_overlay_65_955832579e7c23e1b6d6.png,figures/report_images/training/fold1/attn1_overlay_65_955832579e7c23e1b6d6.png,13_20250724_Plate1_C3_D7_MAX_Crop.tif,validation,1,60,attn1_overlay,Fold 1 validation attn1_overlay at epoch 60
fold1_progress,figures/wandb/training/fold1/attn1_overlay_76_33b045407cbbd7c0d313.png,figures/report_images/training/fold1/attn1_overlay_76_33b045407cbbd7c0d313.png,13_20250724_Plate1_C3_D7_MAX_Crop.tif,validation,1,70,attn1_overlay,Fold 1 validation attn1_overlay at epoch 70
fold1_progress,figures/wandb/training/fold1/attn2_overlay_10_99f35c88c0de54e5b496.png,figures/report_images/training/fold1/attn2_overlay_10_99f35c88c0de54e5b496.png,13_20250724_Plate1_C3_D7_MAX_Crop.tif,validation,1,10,attn2_overlay,Fold 1 validation attn2_overlay at epoch 10
fold1_progress,figures/wandb/training/fold1/attn2_overlay_21_baf06e9ace6541436c0d.png,figures/report_images/training/fold1/attn2_overlay_21_baf06e9ace6541436c0d.png,13_20250724_Plate1_C3_D7_MAX_Crop.tif,validation,1,20,attn2_overlay,Fold 1 validation attn2_overlay at epoch 20
fold1_progress,figures/wandb/training/fold1/attn2_overlay_32_304afdba2ccdcfae5608.png,figures/report_images/training/fold1/attn2_overlay_32_304afdba2ccdcfae5608.png,13_20250724_Plate1_C3_D7_MAX_Crop.tif,validation,1,30,attn2_overlay,Fold 1 validation attn2_overlay at epoch 30
fold1_progress,figures/wandb/training/fold1/attn2_overlay_43_3cbc9fa261d07b70e988.png,figures/report_images/training/fold1/attn2_overlay_43_3cbc9fa261d07b70e988.png,13_20250724_Plate1_C3_D7_MAX_Crop.tif,validation,1,40,attn2_overlay,Fold 1 validation attn2_overlay at epoch 40
fold1_progress,figures/wandb/training/fold1/attn2_overlay_54_6b9290514b2f57fdd80c.png,figures/report_images/training/fold1/attn2_overlay_54_6b9290514b2f57fdd80c.png,13_20250724_Plate1_C3_D7_MAX_Crop.tif,validation,1,50,attn2_overlay,Fold 1 validation attn2_overlay at epoch 50
fold1_progress,figures/wandb/training/fold1/attn2_overlay_65_178eb564eae813b31457.png,figures/report_images/training/fold1/attn2_overlay_65_178eb564eae813b31457.png,13_20250724_Plate1_C3_D7_MAX_Crop.tif,validation,1,60,attn2_overlay,Fold 1 validation attn2_overlay at epoch 60
fold1_progress,figures/wandb/training/fold1/attn2_overlay_76_aae107db7a81438535cf.png,figures/report_images/training/fold1/attn2_overlay_76_aae107db7a81438535cf.png,13_20250724_Plate1_C3_D7_MAX_Crop.tif,validation,1,70,attn2_overlay,Fold 1 validation attn2_overlay at epoch 70
fold1_progress,figures/wandb/training/fold1/attn3_overlay_10_7998c7be5efbd6ea905a.png,figures/report_images/training/fold1/attn3_overlay_10_7998c7be5efbd6ea905a.png,13_20250724_Plate1_C3_D7_MAX_Crop.tif,validation,1,10,attn3_overlay,Fold 1 validation attn3_overlay at epoch 10
fold1_progress,figures/wandb/training/fold1/attn3_overlay_21_a52937117ef0c1f8c565.png,figures/report_images/training/fold1/attn3_overlay_21_a52937117ef0c1f8c565.png,13_20250724_Plate1_C3_D7_MAX_Crop.tif,validation,1,20,attn3_overlay,Fold 1 validation attn3_overlay at epoch 20
fold1_progress,figures/wandb/training/fold1/attn3_overlay_32_4a0a92bb5cd90330684a.png,figures/report_images/training/fold1/attn3_overlay_32_4a0a92bb5cd90330684a.png,13_20250724_Plate1_C3_D7_MAX_Crop.tif,validation,1,30,attn3_overlay,Fold 1 validation attn3_overlay at epoch 30
fold1_progress,figures/wandb/training/fold1/attn3_overlay_43_26ddf314365aff9686ae.png,figures/report_images/training/fold1/attn3_overlay_43_26ddf314365aff9686ae.png,13_20250724_Plate1_C3_D7_MAX_Crop.tif,validation,1,40,attn3_overlay,Fold 1 validation attn3_overlay at epoch 40
fold1_progress,figures/wandb/training/fold1/attn3_overlay_54_8b50e45204931fcf7eda.png,figures/report_images/training/fold1/attn3_overlay_54_8b50e45204931fcf7eda.png,13_20250724_Plate1_C3_D7_MAX_Crop.tif,validation,1,50,attn3_overlay,Fold 1 validation attn3_overlay at epoch 50
fold1_progress,figures/wandb/training/fold1/attn3_overlay_65_a45d3d21a16d19543a14.png,figures/report_images/training/fold1/attn3_overlay_65_a45d3d21a16d19543a14.png,13_20250724_Plate1_C3_D7_MAX_Crop.tif,validation,1,60,attn3_overlay,Fold 1 validation attn3_overlay at epoch 60
fold1_progress,figures/wandb/training/fold1/attn3_overlay_76_6654d1b5b6e8fc4eeb69.png,figures/report_images/training/fold1/attn3_overlay_76_6654d1b5b6e8fc4eeb69.png,13_20250724_Plate1_C3_D7_MAX_Crop.tif,validation,1,70,attn3_overlay,Fold 1 validation attn3_overlay at epoch 70
fold2_progress,figures/wandb/training/fold2/input_image_96_74c96aeb10d1306503e2.png,figures/report_images/training/fold2/input_image_96_74c96aeb10d1306503e2.png,42_20250807_Plate1_C2_D21_MAX_Crop.tif,validation,2,10,input_image,Fold 2 validation input_image at epoch 10
fold2_progress,figures/wandb/training/fold2/input_image_107_74c96aeb10d1306503e2.png,figures/report_images/training/fold2/input_image_107_74c96aeb10d1306503e2.png,42_20250807_Plate1_C2_D21_MAX_Crop.tif,validation,2,20,input_image,Fold 2 validation input_image at epoch 20
fold2_progress,figures/wandb/training/fold2/input_image_118_74c96aeb10d1306503e2.png,figures/report_images/training/fold2/input_image_118_74c96aeb10d1306503e2.png,42_20250807_Plate1_C2_D21_MAX_Crop.tif,validation,2,30,input_image,Fold 2 validation input_image at epoch 30
fold2_progress,figures/wandb/training/fold2/input_image_129_74c96aeb10d1306503e2.png,figures/report_images/training/fold2/input_image_129_74c96aeb10d1306503e2.png,42_20250807_Plate1_C2_D21_MAX_Crop.tif,validation,2,40,input_image,Fold 2 validation input_image at epoch 40
fold2_progress,figures/wandb/training/fold2/input_image_140_74c96aeb10d1306503e2.png,figures/report_images/training/fold2/input_image_140_74c96aeb10d1306503e2.png,42_20250807_Plate1_C2_D21_MAX_Crop.tif,validation,2,50,input_image,Fold 2 validation input_image at epoch 50
fold2_progress,figures/wandb/training/fold2/input_image_151_74c96aeb10d1306503e2.png,figures/report_images/training/fold2/input_image_151_74c96aeb10d1306503e2.png,42_20250807_Plate1_C2_D21_MAX_Crop.tif,validation,2,60,input_image,Fold 2 validation input_image at epoch 60
fold2_progress,figures/wandb/training/fold2/ch_grad_96_0ef189866f989d8bda31.png,figures/report_images/training/fold2/ch_grad_96_0ef189866f989d8bda31.png,42_20250807_Plate1_C2_D21_MAX_Crop.tif,validation,2,10,ch_grad,Fold 2 validation ch_grad at epoch 10
fold2_progress,figures/wandb/training/fold2/ch_grad_107_0ef189866f989d8bda31.png,figures/report_images/training/fold2/ch_grad_107_0ef189866f989d8bda31.png,42_20250807_Plate1_C2_D21_MAX_Crop.tif,validation,2,20,ch_grad,Fold 2 validation ch_grad at epoch 20
fold2_progress,figures/wandb/training/fold2/ch_grad_118_0ef189866f989d8bda31.png,figures/report_images/training/fold2/ch_grad_118_0ef189866f989d8bda31.png,42_20250807_Plate1_C2_D21_MAX_Crop.tif,validation,2,30,ch_grad,Fold 2 validation ch_grad at epoch 30
fold2_progress,figures/wandb/training/fold2/ch_grad_129_0ef189866f989d8bda31.png,figures/report_images/training/fold2/ch_grad_129_0ef189866f989d8bda31.png,42_20250807_Plate1_C2_D21_MAX_Crop.tif,validation,2,40,ch_grad,Fold 2 validation ch_grad at epoch 40
fold2_progress,figures/wandb/training/fold2/ch_grad_140_0ef189866f989d8bda31.png,figures/report_images/training/fold2/ch_grad_140_0ef189866f989d8bda31.png,42_20250807_Plate1_C2_D21_MAX_Crop.tif,validation,2,50,ch_grad,Fold 2 validation ch_grad at epoch 50
fold2_progress,figures/wandb/training/fold2/ch_grad_151_0ef189866f989d8bda31.png,figures/report_images/training/fold2/ch_grad_151_0ef189866f989d8bda31.png,42_20250807_Plate1_C2_D21_MAX_Crop.tif,validation,2,60,ch_grad,Fold 2 validation ch_grad at epoch 60
fold2_progress,figures/wandb/training/fold2/ch_sharp_96_d183a452d0f4b4de4d87.png,figures/report_images/training/fold2/ch_sharp_96_d183a452d0f4b4de4d87.png,42_20250807_Plate1_C2_D21_MAX_Crop.tif,validation,2,10,ch_sharp,Fold 2 validation ch_sharp at epoch 10
fold2_progress,figures/wandb/training/fold2/ch_sharp_107_d183a452d0f4b4de4d87.png,figures/report_images/training/fold2/ch_sharp_107_d183a452d0f4b4de4d87.png,42_20250807_Plate1_C2_D21_MAX_Crop.tif,validation,2,20,ch_sharp,Fold 2 validation ch_sharp at epoch 20
fold2_progress,figures/wandb/training/fold2/ch_sharp_118_d183a452d0f4b4de4d87.png,figures/report_images/training/fold2/ch_sharp_118_d183a452d0f4b4de4d87.png,42_20250807_Plate1_C2_D21_MAX_Crop.tif,validation,2,30,ch_sharp,Fold 2 validation ch_sharp at epoch 30
fold2_progress,figures/wandb/training/fold2/ch_sharp_129_d183a452d0f4b4de4d87.png,figures/report_images/training/fold2/ch_sharp_129_d183a452d0f4b4de4d87.png,42_20250807_Plate1_C2_D21_MAX_Crop.tif,validation,2,40,ch_sharp,Fold 2 validation ch_sharp at epoch 40
fold2_progress,figures/wandb/training/fold2/ch_sharp_140_d183a452d0f4b4de4d87.png,figures/report_images/training/fold2/ch_sharp_140_d183a452d0f4b4de4d87.png,42_20250807_Plate1_C2_D21_MAX_Crop.tif,validation,2,50,ch_sharp,Fold 2 validation ch_sharp at epoch 50
fold2_progress,figures/wandb/training/fold2/ch_sharp_151_d183a452d0f4b4de4d87.png,figures/report_images/training/fold2/ch_sharp_151_d183a452d0f4b4de4d87.png,42_20250807_Plate1_C2_D21_MAX_Crop.tif,validation,2,60,ch_sharp,Fold 2 validation ch_sharp at epoch 60
fold2_progress,figures/wandb/training/fold2/gt_mask_96_2aafdc018a8f30299a82.png,figures/report_images/training/fold2/gt_mask_96_2aafdc018a8f30299a82.png,42_20250807_Plate1_C2_D21_MAX_Crop.tif,validation,2,10,gt_mask,Fold 2 validation gt_mask at epoch 10
fold2_progress,figures/wandb/training/fold2/gt_mask_107_2aafdc018a8f30299a82.png,figures/report_images/training/fold2/gt_mask_107_2aafdc018a8f30299a82.png,42_20250807_Plate1_C2_D21_MAX_Crop.tif,validation,2,20,gt_mask,Fold 2 validation gt_mask at epoch 20
fold2_progress,figures/wandb/training/fold2/gt_mask_118_2aafdc018a8f30299a82.png,figures/report_images/training/fold2/gt_mask_118_2aafdc018a8f30299a82.png,42_20250807_Plate1_C2_D21_MAX_Crop.tif,validation,2,30,gt_mask,Fold 2 validation gt_mask at epoch 30
fold2_progress,figures/wandb/training/fold2/gt_mask_129_2aafdc018a8f30299a82.png,figures/report_images/training/fold2/gt_mask_129_2aafdc018a8f30299a82.png,42_20250807_Plate1_C2_D21_MAX_Crop.tif,validation,2,40,gt_mask,Fold 2 validation gt_mask at epoch 40
fold2_progress,figures/wandb/training/fold2/gt_mask_140_2aafdc018a8f30299a82.png,figures/report_images/training/fold2/gt_mask_140_2aafdc018a8f30299a82.png,42_20250807_Plate1_C2_D21_MAX_Crop.tif,validation,2,50,gt_mask,Fold 2 validation gt_mask at epoch 50
fold2_progress,figures/wandb/training/fold2/gt_mask_151_2aafdc018a8f30299a82.png,figures/report_images/training/fold2/gt_mask_151_2aafdc018a8f30299a82.png,42_20250807_Plate1_C2_D21_MAX_Crop.tif,validation,2,60,gt_mask,Fold 2 validation gt_mask at epoch 60
fold2_progress,figures/wandb/training/fold2/pred_prob_96_b51ebc2bacc7eefe5e2b.png,figures/report_images/training/fold2/pred_prob_96_b51ebc2bacc7eefe5e2b.png,42_20250807_Plate1_C2_D21_MAX_Crop.tif,validation,2,10,pred_prob,Fold 2 validation pred_prob at epoch 10
fold2_progress,figures/wandb/training/fold2/pred_prob_107_c2e5f1934f4aa44f9d59.png,figures/report_images/training/fold2/pred_prob_107_c2e5f1934f4aa44f9d59.png,42_20250807_Plate1_C2_D21_MAX_Crop.tif,validation,2,20,pred_prob,Fold 2 validation pred_prob at epoch 20
fold2_progress,figures/wandb/training/fold2/pred_prob_118_03d337b3be63284b8262.png,figures/report_images/training/fold2/pred_prob_118_03d337b3be63284b8262.png,42_20250807_Plate1_C2_D21_MAX_Crop.tif,validation,2,30,pred_prob,Fold 2 validation pred_prob at epoch 30
fold2_progress,figures/wandb/training/fold2/pred_prob_129_fa0df6eff694e90b6a3e.png,figures/report_images/training/fold2/pred_prob_129_fa0df6eff694e90b6a3e.png,42_20250807_Plate1_C2_D21_MAX_Crop.tif,validation,2,40,pred_prob,Fold 2 validation pred_prob at epoch 40
fold2_progress,figures/wandb/training/fold2/pred_prob_140_01e644ce0bd8e187baa8.png,figures/report_images/training/fold2/pred_prob_140_01e644ce0bd8e187baa8.png,42_20250807_Plate1_C2_D21_MAX_Crop.tif,validation,2,50,pred_prob,Fold 2 validation pred_prob at epoch 50
fold2_progress,figures/wandb/training/fold2/pred_prob_151_f777cf68773ff28ee724.png,figures/report_images/training/fold2/pred_prob_151_f777cf68773ff28ee724.png,42_20250807_Plate1_C2_D21_MAX_Crop.tif,validation,2,60,pred_prob,Fold 2 validation pred_prob at epoch 60
fold2_progress,figures/wandb/training/fold2/pred_binary_96_06dbfb8a5713b196ccf2.png,figures/report_images/training/fold2/pred_binary_96_06dbfb8a5713b196ccf2.png,42_20250807_Plate1_C2_D21_MAX_Crop.tif,validation,2,10,pred_binary,Fold 2 validation pred_binary at epoch 10
fold2_progress,figures/wandb/training/fold2/pred_binary_107_a4e4de45065c1740fca4.png,figures/report_images/training/fold2/pred_binary_107_a4e4de45065c1740fca4.png,42_20250807_Plate1_C2_D21_MAX_Crop.tif,validation,2,20,pred_binary,Fold 2 validation pred_binary at epoch 20
fold2_progress,figures/wandb/training/fold2/pred_binary_118_2cf314de932313cce17a.png,figures/report_images/training/fold2/pred_binary_118_2cf314de932313cce17a.png,42_20250807_Plate1_C2_D21_MAX_Crop.tif,validation,2,30,pred_binary,Fold 2 validation pred_binary at epoch 30
fold2_progress,figures/wandb/training/fold2/pred_binary_129_33574dbfa23a0393c464.png,figures/report_images/training/fold2/pred_binary_129_33574dbfa23a0393c464.png,42_20250807_Plate1_C2_D21_MAX_Crop.tif,validation,2,40,pred_binary,Fold 2 validation pred_binary at epoch 40
fold2_progress,figures/wandb/training/fold2/pred_binary_140_23d950fc7c24a02af624.png,figures/report_images/training/fold2/pred_binary_140_23d950fc7c24a02af624.png,42_20250807_Plate1_C2_D21_MAX_Crop.tif,validation,2,50,pred_binary,Fold 2 validation pred_binary at epoch 50
fold2_progress,figures/wandb/training/fold2/pred_binary_151_e62169b0ead950513ac8.png,figures/report_images/training/fold2/pred_binary_151_e62169b0ead950513ac8.png,42_20250807_Plate1_C2_D21_MAX_Crop.tif,validation,2,60,pred_binary,Fold 2 validation pred_binary at epoch 60
fold2_progress,figures/wandb/training/fold2/attn1_overlay_96_92b5c5683dd338418d6b.png,figures/report_images/training/fold2/attn1_overlay_96_92b5c5683dd338418d6b.png,42_20250807_Plate1_C2_D21_MAX_Crop.tif,validation,2,10,attn1_overlay,Fold 2 validation attn1_overlay at epoch 10
fold2_progress,figures/wandb/training/fold2/attn1_overlay_107_1b16ef67fceaecb6104c.png,figures/report_images/training/fold2/attn1_overlay_107_1b16ef67fceaecb6104c.png,42_20250807_Plate1_C2_D21_MAX_Crop.tif,validation,2,20,attn1_overlay,Fold 2 validation attn1_overlay at epoch 20
fold2_progress,figures/wandb/training/fold2/attn1_overlay_118_bd6d10699df7ade1aab7.png,figures/report_images/training/fold2/attn1_overlay_118_bd6d10699df7ade1aab7.png,42_20250807_Plate1_C2_D21_MAX_Crop.tif,validation,2,30,attn1_overlay,Fold 2 validation attn1_overlay at epoch 30
fold2_progress,figures/wandb/training/fold2/attn1_overlay_129_67a37354c06d76e2f63b.png,figures/report_images/training/fold2/attn1_overlay_129_67a37354c06d76e2f63b.png,42_20250807_Plate1_C2_D21_MAX_Crop.tif,validation,2,40,attn1_overlay,Fold 2 validation attn1_overlay at epoch 40
fold2_progress,figures/wandb/training/fold2/attn1_overlay_140_532b41f38fcc155db3e1.png,figures/report_images/training/fold2/attn1_overlay_140_532b41f38fcc155db3e1.png,42_20250807_Plate1_C2_D21_MAX_Crop.tif,validation,2,50,attn1_overlay,Fold 2 validation attn1_overlay at epoch 50
fold2_progress,figures/wandb/training/fold2/attn1_overlay_151_b8590bcde7fb586179c6.png,figures/report_images/training/fold2/attn1_overlay_151_b8590bcde7fb586179c6.png,42_20250807_Plate1_C2_D21_MAX_Crop.tif,validation,2,60,attn1_overlay,Fold 2 validation attn1_overlay at epoch 60
fold2_progress,figures/wandb/training/fold2/attn2_overlay_96_f16492dcf4da8591e28c.png,figures/report_images/training/fold2/attn2_overlay_96_f16492dcf4da8591e28c.png,42_20250807_Plate1_C2_D21_MAX_Crop.tif,validation,2,10,attn2_overlay,Fold 2 validation attn2_overlay at epoch 10
fold2_progress,figures/wandb/training/fold2/attn2_overlay_107_d0214e7dea4a6505399b.png,figures/report_images/training/fold2/attn2_overlay_107_d0214e7dea4a6505399b.png,42_20250807_Plate1_C2_D21_MAX_Crop.tif,validation,2,20,attn2_overlay,Fold 2 validation attn2_overlay at epoch 20
fold2_progress,figures/wandb/training/fold2/attn2_overlay_118_17e348512e6768d35203.png,figures/report_images/training/fold2/attn2_overlay_118_17e348512e6768d35203.png,42_20250807_Plate1_C2_D21_MAX_Crop.tif,validation,2,30,attn2_overlay,Fold 2 validation attn2_overlay at epoch 30
fold2_progress,figures/wandb/training/fold2/attn2_overlay_129_e78e3a3b2413174d5acb.png,figures/report_images/training/fold2/attn2_overlay_129_e78e3a3b2413174d5acb.png,42_20250807_Plate1_C2_D21_MAX_Crop.tif,validation,2,40,attn2_overlay,Fold 2 validation attn2_overlay at epoch 40
fold2_progress,figures/wandb/training/fold2/attn2_overlay_140_83c21b4db04eb44dc146.png,figures/report_images/training/fold2/attn2_overlay_140_83c21b4db04eb44dc146.png,42_20250807_Plate1_C2_D21_MAX_Crop.tif,validation,2,50,attn2_overlay,Fold 2 validation attn2_overlay at epoch 50
fold2_progress,figures/wandb/training/fold2/attn2_overlay_151_f682cab8314890760e10.png,figures/report_images/training/fold2/attn2_overlay_151_f682cab8314890760e10.png,42_20250807_Plate1_C2_D21_MAX_Crop.tif,validation,2,60,attn2_overlay,Fold 2 validation attn2_overlay at epoch 60
fold2_progress,figures/wandb/training/fold2/attn3_overlay_96_49018201b2c023c1b008.png,figures/report_images/training/fold2/attn3_overlay_96_49018201b2c023c1b008.png,42_20250807_Plate1_C2_D21_MAX_Crop.tif,validation,2,10,attn3_overlay,Fold 2 validation attn3_overlay at epoch 10
fold2_progress,figures/wandb/training/fold2/attn3_overlay_107_554a640b3b0fd104e498.png,figures/report_images/training/fold2/attn3_overlay_107_554a640b3b0fd104e498.png,42_20250807_Plate1_C2_D21_MAX_Crop.tif,validation,2,20,attn3_overlay,Fold 2 validation attn3_overlay at epoch 20
fold2_progress,figures/wandb/training/fold2/attn3_overlay_118_17a23ae8799b3ca9755d.png,figures/report_images/training/fold2/attn3_overlay_118_17a23ae8799b3ca9755d.png,42_20250807_Plate1_C2_D21_MAX_Crop.tif,validation,2,30,attn3_overlay,Fold 2 validation attn3_overlay at epoch 30
fold2_progress,figures/wandb/training/fold2/attn3_overlay_129_2717153ed09c2d85c0c9.png,figures/report_images/training/fold2/attn3_overlay_129_2717153ed09c2d85c0c9.png,42_20250807_Plate1_C2_D21_MAX_Crop.tif,validation,2,40,attn3_overlay,Fold 2 validation attn3_overlay at epoch 40
fold2_progress,figures/wandb/training/fold2/attn3_overlay_140_f859b9cd542c157c5589.png,figures/report_images/training/fold2/attn3_overlay_140_f859b9cd542c157c5589.png,42_20250807_Plate1_C2_D21_MAX_Crop.tif,validation,2,50,attn3_overlay,Fold 2 validation attn3_overlay at epoch 50
fold2_progress,figures/wandb/training/fold2/attn3_overlay_151_3143a4454a9b12c6b363.png,figures/report_images/training/fold2/attn3_overlay_151_3143a4454a9b12c6b363.png,42_20250807_Plate1_C2_D21_MAX_Crop.tif,validation,2,60,attn3_overlay,Fold 2 validation attn3_overlay at epoch 60
fold3_progress,figures/wandb/training/fold3/input_image_166_c765514f844147fc76ce.png,figures/report_images/training/fold3/input_image_166_c765514f844147fc76ce.png,2_20260418_EC_Plate1_A2_D7_MAX_Crop.tif,validation,3,10,input_image,Fold 3 validation input_image at epoch 10
fold3_progress,figures/wandb/training/fold3/input_image_177_c765514f844147fc76ce.png,figures/report_images/training/fold3/input_image_177_c765514f844147fc76ce.png,2_20260418_EC_Plate1_A2_D7_MAX_Crop.tif,validation,3,20,input_image,Fold 3 validation input_image at epoch 20
fold3_progress,figures/wandb/training/fold3/input_image_188_c765514f844147fc76ce.png,figures/report_images/training/fold3/input_image_188_c765514f844147fc76ce.png,2_20260418_EC_Plate1_A2_D7_MAX_Crop.tif,validation,3,30,input_image,Fold 3 validation input_image at epoch 30
fold3_progress,figures/wandb/training/fold3/input_image_199_c765514f844147fc76ce.png,figures/report_images/training/fold3/input_image_199_c765514f844147fc76ce.png,2_20260418_EC_Plate1_A2_D7_MAX_Crop.tif,validation,3,40,input_image,Fold 3 validation input_image at epoch 40
fold3_progress,figures/wandb/training/fold3/input_image_210_c765514f844147fc76ce.png,figures/report_images/training/fold3/input_image_210_c765514f844147fc76ce.png,2_20260418_EC_Plate1_A2_D7_MAX_Crop.tif,validation,3,50,input_image,Fold 3 validation input_image at epoch 50
fold3_progress,figures/wandb/training/fold3/input_image_221_c765514f844147fc76ce.png,figures/report_images/training/fold3/input_image_221_c765514f844147fc76ce.png,2_20260418_EC_Plate1_A2_D7_MAX_Crop.tif,validation,3,60,input_image,Fold 3 validation input_image at epoch 60
fold3_progress,figures/wandb/training/fold3/ch_grad_166_168201ab5dd0ef6d96e4.png,figures/report_images/training/fold3/ch_grad_166_168201ab5dd0ef6d96e4.png,2_20260418_EC_Plate1_A2_D7_MAX_Crop.tif,validation,3,10,ch_grad,Fold 3 validation ch_grad at epoch 10
fold3_progress,figures/wandb/training/fold3/ch_grad_177_168201ab5dd0ef6d96e4.png,figures/report_images/training/fold3/ch_grad_177_168201ab5dd0ef6d96e4.png,2_20260418_EC_Plate1_A2_D7_MAX_Crop.tif,validation,3,20,ch_grad,Fold 3 validation ch_grad at epoch 20
fold3_progress,figures/wandb/training/fold3/ch_grad_188_168201ab5dd0ef6d96e4.png,figures/report_images/training/fold3/ch_grad_188_168201ab5dd0ef6d96e4.png,2_20260418_EC_Plate1_A2_D7_MAX_Crop.tif,validation,3,30,ch_grad,Fold 3 validation ch_grad at epoch 30
fold3_progress,figures/wandb/training/fold3/ch_grad_199_168201ab5dd0ef6d96e4.png,figures/report_images/training/fold3/ch_grad_199_168201ab5dd0ef6d96e4.png,2_20260418_EC_Plate1_A2_D7_MAX_Crop.tif,validation,3,40,ch_grad,Fold 3 validation ch_grad at epoch 40
fold3_progress,figures/wandb/training/fold3/ch_grad_210_168201ab5dd0ef6d96e4.png,figures/report_images/training/fold3/ch_grad_210_168201ab5dd0ef6d96e4.png,2_20260418_EC_Plate1_A2_D7_MAX_Crop.tif,validation,3,50,ch_grad,Fold 3 validation ch_grad at epoch 50
fold3_progress,figures/wandb/training/fold3/ch_grad_221_168201ab5dd0ef6d96e4.png,figures/report_images/training/fold3/ch_grad_221_168201ab5dd0ef6d96e4.png,2_20260418_EC_Plate1_A2_D7_MAX_Crop.tif,validation,3,60,ch_grad,Fold 3 validation ch_grad at epoch 60
fold3_progress,figures/wandb/training/fold3/ch_sharp_166_b52b14f122556f8eb7b5.png,figures/report_images/training/fold3/ch_sharp_166_b52b14f122556f8eb7b5.png,2_20260418_EC_Plate1_A2_D7_MAX_Crop.tif,validation,3,10,ch_sharp,Fold 3 validation ch_sharp at epoch 10
fold3_progress,figures/wandb/training/fold3/ch_sharp_177_b52b14f122556f8eb7b5.png,figures/report_images/training/fold3/ch_sharp_177_b52b14f122556f8eb7b5.png,2_20260418_EC_Plate1_A2_D7_MAX_Crop.tif,validation,3,20,ch_sharp,Fold 3 validation ch_sharp at epoch 20
fold3_progress,figures/wandb/training/fold3/ch_sharp_188_b52b14f122556f8eb7b5.png,figures/report_images/training/fold3/ch_sharp_188_b52b14f122556f8eb7b5.png,2_20260418_EC_Plate1_A2_D7_MAX_Crop.tif,validation,3,30,ch_sharp,Fold 3 validation ch_sharp at epoch 30
fold3_progress,figures/wandb/training/fold3/ch_sharp_199_b52b14f122556f8eb7b5.png,figures/report_images/training/fold3/ch_sharp_199_b52b14f122556f8eb7b5.png,2_20260418_EC_Plate1_A2_D7_MAX_Crop.tif,validation,3,40,ch_sharp,Fold 3 validation ch_sharp at epoch 40
fold3_progress,figures/wandb/training/fold3/ch_sharp_210_b52b14f122556f8eb7b5.png,figures/report_images/training/fold3/ch_sharp_210_b52b14f122556f8eb7b5.png,2_20260418_EC_Plate1_A2_D7_MAX_Crop.tif,validation,3,50,ch_sharp,Fold 3 validation ch_sharp at epoch 50
fold3_progress,figures/wandb/training/fold3/ch_sharp_221_b52b14f122556f8eb7b5.png,figures/report_images/training/fold3/ch_sharp_221_b52b14f122556f8eb7b5.png,2_20260418_EC_Plate1_A2_D7_MAX_Crop.tif,validation,3,60,ch_sharp,Fold 3 validation ch_sharp at epoch 60
fold3_progress,figures/wandb/training/fold3/gt_mask_166_7b3f8cd68bb61a47ed56.png,figures/report_images/training/fold3/gt_mask_166_7b3f8cd68bb61a47ed56.png,2_20260418_EC_Plate1_A2_D7_MAX_Crop.tif,validation,3,10,gt_mask,Fold 3 validation gt_mask at epoch 10
fold3_progress,figures/wandb/training/fold3/gt_mask_177_7b3f8cd68bb61a47ed56.png,figures/report_images/training/fold3/gt_mask_177_7b3f8cd68bb61a47ed56.png,2_20260418_EC_Plate1_A2_D7_MAX_Crop.tif,validation,3,20,gt_mask,Fold 3 validation gt_mask at epoch 20
fold3_progress,figures/wandb/training/fold3/gt_mask_188_7b3f8cd68bb61a47ed56.png,figures/report_images/training/fold3/gt_mask_188_7b3f8cd68bb61a47ed56.png,2_20260418_EC_Plate1_A2_D7_MAX_Crop.tif,validation,3,30,gt_mask,Fold 3 validation gt_mask at epoch 30
fold3_progress,figures/wandb/training/fold3/gt_mask_199_7b3f8cd68bb61a47ed56.png,figures/report_images/training/fold3/gt_mask_199_7b3f8cd68bb61a47ed56.png,2_20260418_EC_Plate1_A2_D7_MAX_Crop.tif,validation,3,40,gt_mask,Fold 3 validation gt_mask at epoch 40
fold3_progress,figures/wandb/training/fold3/gt_mask_210_7b3f8cd68bb61a47ed56.png,figures/report_images/training/fold3/gt_mask_210_7b3f8cd68bb61a47ed56.png,2_20260418_EC_Plate1_A2_D7_MAX_Crop.tif,validation,3,50,gt_mask,Fold 3 validation gt_mask at epoch 50
fold3_progress,figures/wandb/training/fold3/gt_mask_221_7b3f8cd68bb61a47ed56.png,figures/report_images/training/fold3/gt_mask_221_7b3f8cd68bb61a47ed56.png,2_20260418_EC_Plate1_A2_D7_MAX_Crop.tif,validation,3,60,gt_mask,Fold 3 validation gt_mask at epoch 60
fold3_progress,figures/wandb/training/fold3/pred_prob_166_c0242b2a08b1a537e0bf.png,figures/report_images/training/fold3/pred_prob_166_c0242b2a08b1a537e0bf.png,2_20260418_EC_Plate1_A2_D7_MAX_Crop.tif,validation,3,10,pred_prob,Fold 3 validation pred_prob at epoch 10
fold3_progress,figures/wandb/training/fold3/pred_prob_177_08043f902dbe4e4c7569.png,figures/report_images/training/fold3/pred_prob_177_08043f902dbe4e4c7569.png,2_20260418_EC_Plate1_A2_D7_MAX_Crop.tif,validation,3,20,pred_prob,Fold 3 validation pred_prob at epoch 20
fold3_progress,figures/wandb/training/fold3/pred_prob_188_ba012852ee96fdf50475.png,figures/report_images/training/fold3/pred_prob_188_ba012852ee96fdf50475.png,2_20260418_EC_Plate1_A2_D7_MAX_Crop.tif,validation,3,30,pred_prob,Fold 3 validation pred_prob at epoch 30
fold3_progress,figures/wandb/training/fold3/pred_prob_199_d467ad615ca5dc9915ec.png,figures/report_images/training/fold3/pred_prob_199_d467ad615ca5dc9915ec.png,2_20260418_EC_Plate1_A2_D7_MAX_Crop.tif,validation,3,40,pred_prob,Fold 3 validation pred_prob at epoch 40
fold3_progress,figures/wandb/training/fold3/pred_prob_210_2f746d40df84c2b47f4e.png,figures/report_images/training/fold3/pred_prob_210_2f746d40df84c2b47f4e.png,2_20260418_EC_Plate1_A2_D7_MAX_Crop.tif,validation,3,50,pred_prob,Fold 3 validation pred_prob at epoch 50
fold3_progress,figures/wandb/training/fold3/pred_prob_221_d10608c64e778d5ba743.png,figures/report_images/training/fold3/pred_prob_221_d10608c64e778d5ba743.png,2_20260418_EC_Plate1_A2_D7_MAX_Crop.tif,validation,3,60,pred_prob,Fold 3 validation pred_prob at epoch 60
fold3_progress,figures/wandb/training/fold3/pred_binary_166_687f84f994ec2cd21084.png,figures/report_images/training/fold3/pred_binary_166_687f84f994ec2cd21084.png,2_20260418_EC_Plate1_A2_D7_MAX_Crop.tif,validation,3,10,pred_binary,Fold 3 validation pred_binary at epoch 10
fold3_progress,figures/wandb/training/fold3/pred_binary_177_c681d1a50f737801d7e5.png,figures/report_images/training/fold3/pred_binary_177_c681d1a50f737801d7e5.png,2_20260418_EC_Plate1_A2_D7_MAX_Crop.tif,validation,3,20,pred_binary,Fold 3 validation pred_binary at epoch 20
fold3_progress,figures/wandb/training/fold3/pred_binary_188_16631a625898241e5d85.png,figures/report_images/training/fold3/pred_binary_188_16631a625898241e5d85.png,2_20260418_EC_Plate1_A2_D7_MAX_Crop.tif,validation,3,30,pred_binary,Fold 3 validation pred_binary at epoch 30
fold3_progress,figures/wandb/training/fold3/pred_binary_199_43c7674f07286462eddc.png,figures/report_images/training/fold3/pred_binary_199_43c7674f07286462eddc.png,2_20260418_EC_Plate1_A2_D7_MAX_Crop.tif,validation,3,40,pred_binary,Fold 3 validation pred_binary at epoch 40
fold3_progress,figures/wandb/training/fold3/pred_binary_210_8d6489499fb5ce126b51.png,figures/report_images/training/fold3/pred_binary_210_8d6489499fb5ce126b51.png,2_20260418_EC_Plate1_A2_D7_MAX_Crop.tif,validation,3,50,pred_binary,Fold 3 validation pred_binary at epoch 50
fold3_progress,figures/wandb/training/fold3/pred_binary_221_b2b95ed8fd6c01c56038.png,figures/report_images/training/fold3/pred_binary_221_b2b95ed8fd6c01c56038.png,2_20260418_EC_Plate1_A2_D7_MAX_Crop.tif,validation,3,60,pred_binary,Fold 3 validation pred_binary at epoch 60
fold3_progress,figures/wandb/training/fold3/attn1_overlay_166_ce93f45e9f0985a2b9ba.png,figures/report_images/training/fold3/attn1_overlay_166_ce93f45e9f0985a2b9ba.png,2_20260418_EC_Plate1_A2_D7_MAX_Crop.tif,validation,3,10,attn1_overlay,Fold 3 validation attn1_overlay at epoch 10
fold3_progress,figures/wandb/training/fold3/attn1_overlay_177_b20e1088eac98956547f.png,figures/report_images/training/fold3/attn1_overlay_177_b20e1088eac98956547f.png,2_20260418_EC_Plate1_A2_D7_MAX_Crop.tif,validation,3,20,attn1_overlay,Fold 3 validation attn1_overlay at epoch 20
fold3_progress,figures/wandb/training/fold3/attn1_overlay_188_6c8b893f784801bc0668.png,figures/report_images/training/fold3/attn1_overlay_188_6c8b893f784801bc0668.png,2_20260418_EC_Plate1_A2_D7_MAX_Crop.tif,validation,3,30,attn1_overlay,Fold 3 validation attn1_overlay at epoch 30
fold3_progress,figures/wandb/training/fold3/attn1_overlay_199_189d4e0ce93cafb0c62c.png,figures/report_images/training/fold3/attn1_overlay_199_189d4e0ce93cafb0c62c.png,2_20260418_EC_Plate1_A2_D7_MAX_Crop.tif,validation,3,40,attn1_overlay,Fold 3 validation attn1_overlay at epoch 40
fold3_progress,figures/wandb/training/fold3/attn1_overlay_210_1bd75a00213ff72b9097.png,figures/report_images/training/fold3/attn1_overlay_210_1bd75a00213ff72b9097.png,2_20260418_EC_Plate1_A2_D7_MAX_Crop.tif,validation,3,50,attn1_overlay,Fold 3 validation attn1_overlay at epoch 50
fold3_progress,figures/wandb/training/fold3/attn1_overlay_221_269dda3337dcf68d95c2.png,figures/report_images/training/fold3/attn1_overlay_221_269dda3337dcf68d95c2.png,2_20260418_EC_Plate1_A2_D7_MAX_Crop.tif,validation,3,60,attn1_overlay,Fold 3 validation attn1_overlay at epoch 60
fold3_progress,figures/wandb/training/fold3/attn2_overlay_166_fa88ba7a6918284da334.png,figures/report_images/training/fold3/attn2_overlay_166_fa88ba7a6918284da334.png,2_20260418_EC_Plate1_A2_D7_MAX_Crop.tif,validation,3,10,attn2_overlay,Fold 3 validation attn2_overlay at epoch 10
fold3_progress,figures/wandb/training/fold3/attn2_overlay_177_035b1caf76bd355a42e5.png,figures/report_images/training/fold3/attn2_overlay_177_035b1caf76bd355a42e5.png,2_20260418_EC_Plate1_A2_D7_MAX_Crop.tif,validation,3,20,attn2_overlay,Fold 3 validation attn2_overlay at epoch 20
fold3_progress,figures/wandb/training/fold3/attn2_overlay_188_3a840e629ccddc293788.png,figures/report_images/training/fold3/attn2_overlay_188_3a840e629ccddc293788.png,2_20260418_EC_Plate1_A2_D7_MAX_Crop.tif,validation,3,30,attn2_overlay,Fold 3 validation attn2_overlay at epoch 30
fold3_progress,figures/wandb/training/fold3/attn2_overlay_199_4980683e9252ba10fd98.png,figures/report_images/training/fold3/attn2_overlay_199_4980683e9252ba10fd98.png,2_20260418_EC_Plate1_A2_D7_MAX_Crop.tif,validation,3,40,attn2_overlay,Fold 3 validation attn2_overlay at epoch 40
fold3_progress,figures/wandb/training/fold3/attn2_overlay_210_7352b98d52c5ed0f5422.png,figures/report_images/training/fold3/attn2_overlay_210_7352b98d52c5ed0f5422.png,2_20260418_EC_Plate1_A2_D7_MAX_Crop.tif,validation,3,50,attn2_overlay,Fold 3 validation attn2_overlay at epoch 50
fold3_progress,figures/wandb/training/fold3/attn2_overlay_221_6b2b161e52cc0aa67415.png,figures/report_images/training/fold3/attn2_overlay_221_6b2b161e52cc0aa67415.png,2_20260418_EC_Plate1_A2_D7_MAX_Crop.tif,validation,3,60,attn2_overlay,Fold 3 validation attn2_overlay at epoch 60
fold3_progress,figures/wandb/training/fold3/attn3_overlay_166_c555fe68591d3da4959a.png,figures/report_images/training/fold3/attn3_overlay_166_c555fe68591d3da4959a.png,2_20260418_EC_Plate1_A2_D7_MAX_Crop.tif,validation,3,10,attn3_overlay,Fold 3 validation attn3_overlay at epoch 10
fold3_progress,figures/wandb/training/fold3/attn3_overlay_177_e49a231981a0606a88db.png,figures/report_images/training/fold3/attn3_overlay_177_e49a231981a0606a88db.png,2_20260418_EC_Plate1_A2_D7_MAX_Crop.tif,validation,3,20,attn3_overlay,Fold 3 validation attn3_overlay at epoch 20
fold3_progress,figures/wandb/training/fold3/attn3_overlay_188_4349142a644f4792539f.png,figures/report_images/training/fold3/attn3_overlay_188_4349142a644f4792539f.png,2_20260418_EC_Plate1_A2_D7_MAX_Crop.tif,validation,3,30,attn3_overlay,Fold 3 validation attn3_overlay at epoch 30
fold3_progress,figures/wandb/training/fold3/attn3_overlay_199_02440c93edb9d18b9b83.png,figures/report_images/training/fold3/attn3_overlay_199_02440c93edb9d18b9b83.png,2_20260418_EC_Plate1_A2_D7_MAX_Crop.tif,validation,3,40,attn3_overlay,Fold 3 validation attn3_overlay at epoch 40
fold3_progress,figures/wandb/training/fold3/attn3_overlay_210_6987cc5769ebc9e296cc.png,figures/report_images/training/fold3/attn3_overlay_210_6987cc5769ebc9e296cc.png,2_20260418_EC_Plate1_A2_D7_MAX_Crop.tif,validation,3,50,attn3_overlay,Fold 3 validation attn3_overlay at epoch 50
fold3_progress,figures/wandb/training/fold3/attn3_overlay_221_954849a1a9e789a7508c.png,figures/report_images/training/fold3/attn3_overlay_221_954849a1a9e789a7508c.png,2_20260418_EC_Plate1_A2_D7_MAX_Crop.tif,validation,3,60,attn3_overlay,Fold 3 validation attn3_overlay at epoch 60
fold4_progress,figures/wandb/training/fold4/input_image_240_ca39257f58d07ea0a4e7.png,figures/report_images/training/fold4/input_image_240_ca39257f58d07ea0a4e7.png,7_20250724_Plate1_B2_D7_MAX_Crop.tif,validation,4,10,input_image,Fold 4 validation input_image at epoch 10
fold4_progress,figures/wandb/training/fold4/input_image_251_ca39257f58d07ea0a4e7.png,figures/report_images/training/fold4/input_image_251_ca39257f58d07ea0a4e7.png,7_20250724_Plate1_B2_D7_MAX_Crop.tif,validation,4,20,input_image,Fold 4 validation input_image at epoch 20
fold4_progress,figures/wandb/training/fold4/input_image_262_ca39257f58d07ea0a4e7.png,figures/report_images/training/fold4/input_image_262_ca39257f58d07ea0a4e7.png,7_20250724_Plate1_B2_D7_MAX_Crop.tif,validation,4,30,input_image,Fold 4 validation input_image at epoch 30
fold4_progress,figures/wandb/training/fold4/input_image_273_ca39257f58d07ea0a4e7.png,figures/report_images/training/fold4/input_image_273_ca39257f58d07ea0a4e7.png,7_20250724_Plate1_B2_D7_MAX_Crop.tif,validation,4,40,input_image,Fold 4 validation input_image at epoch 40
fold4_progress,figures/wandb/training/fold4/input_image_284_ca39257f58d07ea0a4e7.png,figures/report_images/training/fold4/input_image_284_ca39257f58d07ea0a4e7.png,7_20250724_Plate1_B2_D7_MAX_Crop.tif,validation,4,50,input_image,Fold 4 validation input_image at epoch 50
fold4_progress,figures/wandb/training/fold4/ch_grad_240_a0a859445a8f7b6958d0.png,figures/report_images/training/fold4/ch_grad_240_a0a859445a8f7b6958d0.png,7_20250724_Plate1_B2_D7_MAX_Crop.tif,validation,4,10,ch_grad,Fold 4 validation ch_grad at epoch 10
fold4_progress,figures/wandb/training/fold4/ch_grad_251_a0a859445a8f7b6958d0.png,figures/report_images/training/fold4/ch_grad_251_a0a859445a8f7b6958d0.png,7_20250724_Plate1_B2_D7_MAX_Crop.tif,validation,4,20,ch_grad,Fold 4 validation ch_grad at epoch 20
fold4_progress,figures/wandb/training/fold4/ch_grad_262_a0a859445a8f7b6958d0.png,figures/report_images/training/fold4/ch_grad_262_a0a859445a8f7b6958d0.png,7_20250724_Plate1_B2_D7_MAX_Crop.tif,validation,4,30,ch_grad,Fold 4 validation ch_grad at epoch 30
fold4_progress,figures/wandb/training/fold4/ch_grad_273_a0a859445a8f7b6958d0.png,figures/report_images/training/fold4/ch_grad_273_a0a859445a8f7b6958d0.png,7_20250724_Plate1_B2_D7_MAX_Crop.tif,validation,4,40,ch_grad,Fold 4 validation ch_grad at epoch 40
fold4_progress,figures/wandb/training/fold4/ch_grad_284_a0a859445a8f7b6958d0.png,figures/report_images/training/fold4/ch_grad_284_a0a859445a8f7b6958d0.png,7_20250724_Plate1_B2_D7_MAX_Crop.tif,validation,4,50,ch_grad,Fold 4 validation ch_grad at epoch 50
fold4_progress,figures/wandb/training/fold4/ch_sharp_240_4527252740e6c4479c54.png,figures/report_images/training/fold4/ch_sharp_240_4527252740e6c4479c54.png,7_20250724_Plate1_B2_D7_MAX_Crop.tif,validation,4,10,ch_sharp,Fold 4 validation ch_sharp at epoch 10
fold4_progress,figures/wandb/training/fold4/ch_sharp_251_4527252740e6c4479c54.png,figures/report_images/training/fold4/ch_sharp_251_4527252740e6c4479c54.png,7_20250724_Plate1_B2_D7_MAX_Crop.tif,validation,4,20,ch_sharp,Fold 4 validation ch_sharp at epoch 20
fold4_progress,figures/wandb/training/fold4/ch_sharp_262_4527252740e6c4479c54.png,figures/report_images/training/fold4/ch_sharp_262_4527252740e6c4479c54.png,7_20250724_Plate1_B2_D7_MAX_Crop.tif,validation,4,30,ch_sharp,Fold 4 validation ch_sharp at epoch 30
fold4_progress,figures/wandb/training/fold4/ch_sharp_273_4527252740e6c4479c54.png,figures/report_images/training/fold4/ch_sharp_273_4527252740e6c4479c54.png,7_20250724_Plate1_B2_D7_MAX_Crop.tif,validation,4,40,ch_sharp,Fold 4 validation ch_sharp at epoch 40
fold4_progress,figures/wandb/training/fold4/ch_sharp_284_4527252740e6c4479c54.png,figures/report_images/training/fold4/ch_sharp_284_4527252740e6c4479c54.png,7_20250724_Plate1_B2_D7_MAX_Crop.tif,validation,4,50,ch_sharp,Fold 4 validation ch_sharp at epoch 50
fold4_progress,figures/wandb/training/fold4/gt_mask_240_9650514b47d2b96533ba.png,figures/report_images/training/fold4/gt_mask_240_9650514b47d2b96533ba.png,7_20250724_Plate1_B2_D7_MAX_Crop.tif,validation,4,10,gt_mask,Fold 4 validation gt_mask at epoch 10
fold4_progress,figures/wandb/training/fold4/gt_mask_251_9650514b47d2b96533ba.png,figures/report_images/training/fold4/gt_mask_251_9650514b47d2b96533ba.png,7_20250724_Plate1_B2_D7_MAX_Crop.tif,validation,4,20,gt_mask,Fold 4 validation gt_mask at epoch 20
fold4_progress,figures/wandb/training/fold4/gt_mask_262_9650514b47d2b96533ba.png,figures/report_images/training/fold4/gt_mask_262_9650514b47d2b96533ba.png,7_20250724_Plate1_B2_D7_MAX_Crop.tif,validation,4,30,gt_mask,Fold 4 validation gt_mask at epoch 30
fold4_progress,figures/wandb/training/fold4/gt_mask_273_9650514b47d2b96533ba.png,figures/report_images/training/fold4/gt_mask_273_9650514b47d2b96533ba.png,7_20250724_Plate1_B2_D7_MAX_Crop.tif,validation,4,40,gt_mask,Fold 4 validation gt_mask at epoch 40
fold4_progress,figures/wandb/training/fold4/gt_mask_284_9650514b47d2b96533ba.png,figures/report_images/training/fold4/gt_mask_284_9650514b47d2b96533ba.png,7_20250724_Plate1_B2_D7_MAX_Crop.tif,validation,4,50,gt_mask,Fold 4 validation gt_mask at epoch 50
fold4_progress,figures/wandb/training/fold4/pred_prob_240_a848f703aef2f21630fd.png,figures/report_images/training/fold4/pred_prob_240_a848f703aef2f21630fd.png,7_20250724_Plate1_B2_D7_MAX_Crop.tif,validation,4,10,pred_prob,Fold 4 validation pred_prob at epoch 10
fold4_progress,figures/wandb/training/fold4/pred_prob_251_128fecc8bce53d712db2.png,figures/report_images/training/fold4/pred_prob_251_128fecc8bce53d712db2.png,7_20250724_Plate1_B2_D7_MAX_Crop.tif,validation,4,20,pred_prob,Fold 4 validation pred_prob at epoch 20
fold4_progress,figures/wandb/training/fold4/pred_prob_262_347b2fef5dc7e8e92e81.png,figures/report_images/training/fold4/pred_prob_262_347b2fef5dc7e8e92e81.png,7_20250724_Plate1_B2_D7_MAX_Crop.tif,validation,4,30,pred_prob,Fold 4 validation pred_prob at epoch 30
fold4_progress,figures/wandb/training/fold4/pred_prob_273_60e6fca0f831b8563687.png,figures/report_images/training/fold4/pred_prob_273_60e6fca0f831b8563687.png,7_20250724_Plate1_B2_D7_MAX_Crop.tif,validation,4,40,pred_prob,Fold 4 validation pred_prob at epoch 40
fold4_progress,figures/wandb/training/fold4/pred_prob_284_512bb0d80445f9fd4482.png,figures/report_images/training/fold4/pred_prob_284_512bb0d80445f9fd4482.png,7_20250724_Plate1_B2_D7_MAX_Crop.tif,validation,4,50,pred_prob,Fold 4 validation pred_prob at epoch 50
fold4_progress,figures/wandb/training/fold4/pred_binary_240_c9d7c5569872fd9d7fc3.png,figures/report_images/training/fold4/pred_binary_240_c9d7c5569872fd9d7fc3.png,7_20250724_Plate1_B2_D7_MAX_Crop.tif,validation,4,10,pred_binary,Fold 4 validation pred_binary at epoch 10
fold4_progress,figures/wandb/training/fold4/pred_binary_251_dc0c9bb9e5053274185a.png,figures/report_images/training/fold4/pred_binary_251_dc0c9bb9e5053274185a.png,7_20250724_Plate1_B2_D7_MAX_Crop.tif,validation,4,20,pred_binary,Fold 4 validation pred_binary at epoch 20
fold4_progress,figures/wandb/training/fold4/pred_binary_262_fa43e968787fd07e4e0b.png,figures/report_images/training/fold4/pred_binary_262_fa43e968787fd07e4e0b.png,7_20250724_Plate1_B2_D7_MAX_Crop.tif,validation,4,30,pred_binary,Fold 4 validation pred_binary at epoch 30
fold4_progress,figures/wandb/training/fold4/pred_binary_273_b30ace22ae5e9090ffbb.png,figures/report_images/training/fold4/pred_binary_273_b30ace22ae5e9090ffbb.png,7_20250724_Plate1_B2_D7_MAX_Crop.tif,validation,4,40,pred_binary,Fold 4 validation pred_binary at epoch 40
fold4_progress,figures/wandb/training/fold4/pred_binary_284_b2925bb77a2ff641cf0b.png,figures/report_images/training/fold4/pred_binary_284_b2925bb77a2ff641cf0b.png,7_20250724_Plate1_B2_D7_MAX_Crop.tif,validation,4,50,pred_binary,Fold 4 validation pred_binary at epoch 50
fold4_progress,figures/wandb/training/fold4/attn1_overlay_240_5dfe13db7b6b94fa9efd.png,figures/report_images/training/fold4/attn1_overlay_240_5dfe13db7b6b94fa9efd.png,7_20250724_Plate1_B2_D7_MAX_Crop.tif,validation,4,10,attn1_overlay,Fold 4 validation attn1_overlay at epoch 10
fold4_progress,figures/wandb/training/fold4/attn1_overlay_251_f1aa79013dff0d239e14.png,figures/report_images/training/fold4/attn1_overlay_251_f1aa79013dff0d239e14.png,7_20250724_Plate1_B2_D7_MAX_Crop.tif,validation,4,20,attn1_overlay,Fold 4 validation attn1_overlay at epoch 20
fold4_progress,figures/wandb/training/fold4/attn1_overlay_262_67b4523a0b10c47161a8.png,figures/report_images/training/fold4/attn1_overlay_262_67b4523a0b10c47161a8.png,7_20250724_Plate1_B2_D7_MAX_Crop.tif,validation,4,30,attn1_overlay,Fold 4 validation attn1_overlay at epoch 30
fold4_progress,figures/wandb/training/fold4/attn1_overlay_273_cf9fa785a4f8da0595c0.png,figures/report_images/training/fold4/attn1_overlay_273_cf9fa785a4f8da0595c0.png,7_20250724_Plate1_B2_D7_MAX_Crop.tif,validation,4,40,attn1_overlay,Fold 4 validation attn1_overlay at epoch 40
fold4_progress,figures/wandb/training/fold4/attn1_overlay_284_cc1a73511af23f385167.png,figures/report_images/training/fold4/attn1_overlay_284_cc1a73511af23f385167.png,7_20250724_Plate1_B2_D7_MAX_Crop.tif,validation,4,50,attn1_overlay,Fold 4 validation attn1_overlay at epoch 50
fold4_progress,figures/wandb/training/fold4/attn2_overlay_240_5c4fb05ab6873d3aef39.png,figures/report_images/training/fold4/attn2_overlay_240_5c4fb05ab6873d3aef39.png,7_20250724_Plate1_B2_D7_MAX_Crop.tif,validation,4,10,attn2_overlay,Fold 4 validation attn2_overlay at epoch 10
fold4_progress,figures/wandb/training/fold4/attn2_overlay_251_b1d7df57261cfe98a8ae.png,figures/report_images/training/fold4/attn2_overlay_251_b1d7df57261cfe98a8ae.png,7_20250724_Plate1_B2_D7_MAX_Crop.tif,validation,4,20,attn2_overlay,Fold 4 validation attn2_overlay at epoch 20
fold4_progress,figures/wandb/training/fold4/attn2_overlay_262_69c2092a1c2f24202851.png,figures/report_images/training/fold4/attn2_overlay_262_69c2092a1c2f24202851.png,7_20250724_Plate1_B2_D7_MAX_Crop.tif,validation,4,30,attn2_overlay,Fold 4 validation attn2_overlay at epoch 30
fold4_progress,figures/wandb/training/fold4/attn2_overlay_273_a2afe6c106c083ada928.png,figures/report_images/training/fold4/attn2_overlay_273_a2afe6c106c083ada928.png,7_20250724_Plate1_B2_D7_MAX_Crop.tif,validation,4,40,attn2_overlay,Fold 4 validation attn2_overlay at epoch 40
fold4_progress,figures/wandb/training/fold4/attn2_overlay_284_a09bee0523a5f7fcd4c6.png,figures/report_images/training/fold4/attn2_overlay_284_a09bee0523a5f7fcd4c6.png,7_20250724_Plate1_B2_D7_MAX_Crop.tif,validation,4,50,attn2_overlay,Fold 4 validation attn2_overlay at epoch 50
fold4_progress,figures/wandb/training/fold4/attn3_overlay_240_bf248f4f396f0588000d.png,figures/report_images/training/fold4/attn3_overlay_240_bf248f4f396f0588000d.png,7_20250724_Plate1_B2_D7_MAX_Crop.tif,validation,4,10,attn3_overlay,Fold 4 validation attn3_overlay at epoch 10
fold4_progress,figures/wandb/training/fold4/attn3_overlay_251_796950f6118937ef27bd.png,figures/report_images/training/fold4/attn3_overlay_251_796950f6118937ef27bd.png,7_20250724_Plate1_B2_D7_MAX_Crop.tif,validation,4,20,attn3_overlay,Fold 4 validation attn3_overlay at epoch 20
fold4_progress,figures/wandb/training/fold4/attn3_overlay_262_5de076eb114340b7459f.png,figures/report_images/training/fold4/attn3_overlay_262_5de076eb114340b7459f.png,7_20250724_Plate1_B2_D7_MAX_Crop.tif,validation,4,30,attn3_overlay,Fold 4 validation attn3_overlay at epoch 30
fold4_progress,figures/wandb/training/fold4/attn3_overlay_273_0254f994f43951d6c4a6.png,figures/report_images/training/fold4/attn3_overlay_273_0254f994f43951d6c4a6.png,7_20250724_Plate1_B2_D7_MAX_Crop.tif,validation,4,40,attn3_overlay,Fold 4 validation attn3_overlay at epoch 40
fold4_progress,figures/wandb/training/fold4/attn3_overlay_284_9113386a64510101a3de.png,figures/report_images/training/fold4/attn3_overlay_284_9113386a64510101a3de.png,7_20250724_Plate1_B2_D7_MAX_Crop.tif,validation,4,50,attn3_overlay,Fold 4 validation attn3_overlay at epoch 50
fold5_progress,figures/wandb/training/fold5/input_image_299_c09cc4cb40c359eec494.png,figures/report_images/training/fold5/input_image_299_c09cc4cb40c359eec494.png,18_20250731_Plate1_A3_D14_MAX_Crop.tif,validation,5,10,input_image,Fold 5 validation input_image at epoch 10
fold5_progress,figures/wandb/training/fold5/input_image_310_c09cc4cb40c359eec494.png,figures/report_images/training/fold5/input_image_310_c09cc4cb40c359eec494.png,18_20250731_Plate1_A3_D14_MAX_Crop.tif,validation,5,20,input_image,Fold 5 validation input_image at epoch 20
fold5_progress,figures/wandb/training/fold5/input_image_321_c09cc4cb40c359eec494.png,figures/report_images/training/fold5/input_image_321_c09cc4cb40c359eec494.png,18_20250731_Plate1_A3_D14_MAX_Crop.tif,validation,5,30,input_image,Fold 5 validation input_image at epoch 30
fold5_progress,figures/wandb/training/fold5/input_image_332_c09cc4cb40c359eec494.png,figures/report_images/training/fold5/input_image_332_c09cc4cb40c359eec494.png,18_20250731_Plate1_A3_D14_MAX_Crop.tif,validation,5,40,input_image,Fold 5 validation input_image at epoch 40
fold5_progress,figures/wandb/training/fold5/input_image_343_c09cc4cb40c359eec494.png,figures/report_images/training/fold5/input_image_343_c09cc4cb40c359eec494.png,18_20250731_Plate1_A3_D14_MAX_Crop.tif,validation,5,50,input_image,Fold 5 validation input_image at epoch 50
fold5_progress,figures/wandb/training/fold5/ch_grad_299_ea62da71a9ff06eb3749.png,figures/report_images/training/fold5/ch_grad_299_ea62da71a9ff06eb3749.png,18_20250731_Plate1_A3_D14_MAX_Crop.tif,validation,5,10,ch_grad,Fold 5 validation ch_grad at epoch 10
fold5_progress,figures/wandb/training/fold5/ch_grad_310_ea62da71a9ff06eb3749.png,figures/report_images/training/fold5/ch_grad_310_ea62da71a9ff06eb3749.png,18_20250731_Plate1_A3_D14_MAX_Crop.tif,validation,5,20,ch_grad,Fold 5 validation ch_grad at epoch 20
fold5_progress,figures/wandb/training/fold5/ch_grad_321_ea62da71a9ff06eb3749.png,figures/report_images/training/fold5/ch_grad_321_ea62da71a9ff06eb3749.png,18_20250731_Plate1_A3_D14_MAX_Crop.tif,validation,5,30,ch_grad,Fold 5 validation ch_grad at epoch 30
fold5_progress,figures/wandb/training/fold5/ch_grad_332_ea62da71a9ff06eb3749.png,figures/report_images/training/fold5/ch_grad_332_ea62da71a9ff06eb3749.png,18_20250731_Plate1_A3_D14_MAX_Crop.tif,validation,5,40,ch_grad,Fold 5 validation ch_grad at epoch 40
fold5_progress,figures/wandb/training/fold5/ch_grad_343_ea62da71a9ff06eb3749.png,figures/report_images/training/fold5/ch_grad_343_ea62da71a9ff06eb3749.png,18_20250731_Plate1_A3_D14_MAX_Crop.tif,validation,5,50,ch_grad,Fold 5 validation ch_grad at epoch 50
fold5_progress,figures/wandb/training/fold5/ch_sharp_299_a6da061ee65fa569854a.png,figures/report_images/training/fold5/ch_sharp_299_a6da061ee65fa569854a.png,18_20250731_Plate1_A3_D14_MAX_Crop.tif,validation,5,10,ch_sharp,Fold 5 validation ch_sharp at epoch 10
fold5_progress,figures/wandb/training/fold5/ch_sharp_310_a6da061ee65fa569854a.png,figures/report_images/training/fold5/ch_sharp_310_a6da061ee65fa569854a.png,18_20250731_Plate1_A3_D14_MAX_Crop.tif,validation,5,20,ch_sharp,Fold 5 validation ch_sharp at epoch 20
fold5_progress,figures/wandb/training/fold5/ch_sharp_321_a6da061ee65fa569854a.png,figures/report_images/training/fold5/ch_sharp_321_a6da061ee65fa569854a.png,18_20250731_Plate1_A3_D14_MAX_Crop.tif,validation,5,30,ch_sharp,Fold 5 validation ch_sharp at epoch 30
fold5_progress,figures/wandb/training/fold5/ch_sharp_332_a6da061ee65fa569854a.png,figures/report_images/training/fold5/ch_sharp_332_a6da061ee65fa569854a.png,18_20250731_Plate1_A3_D14_MAX_Crop.tif,validation,5,40,ch_sharp,Fold 5 validation ch_sharp at epoch 40
fold5_progress,figures/wandb/training/fold5/ch_sharp_343_a6da061ee65fa569854a.png,figures/report_images/training/fold5/ch_sharp_343_a6da061ee65fa569854a.png,18_20250731_Plate1_A3_D14_MAX_Crop.tif,validation,5,50,ch_sharp,Fold 5 validation ch_sharp at epoch 50
fold5_progress,figures/wandb/training/fold5/gt_mask_299_567974d338a4f36e0c13.png,figures/report_images/training/fold5/gt_mask_299_567974d338a4f36e0c13.png,18_20250731_Plate1_A3_D14_MAX_Crop.tif,validation,5,10,gt_mask,Fold 5 validation gt_mask at epoch 10
fold5_progress,figures/wandb/training/fold5/gt_mask_310_567974d338a4f36e0c13.png,figures/report_images/training/fold5/gt_mask_310_567974d338a4f36e0c13.png,18_20250731_Plate1_A3_D14_MAX_Crop.tif,validation,5,20,gt_mask,Fold 5 validation gt_mask at epoch 20
fold5_progress,figures/wandb/training/fold5/gt_mask_321_567974d338a4f36e0c13.png,figures/report_images/training/fold5/gt_mask_321_567974d338a4f36e0c13.png,18_20250731_Plate1_A3_D14_MAX_Crop.tif,validation,5,30,gt_mask,Fold 5 validation gt_mask at epoch 30
fold5_progress,figures/wandb/training/fold5/gt_mask_332_567974d338a4f36e0c13.png,figures/report_images/training/fold5/gt_mask_332_567974d338a4f36e0c13.png,18_20250731_Plate1_A3_D14_MAX_Crop.tif,validation,5,40,gt_mask,Fold 5 validation gt_mask at epoch 40
fold5_progress,figures/wandb/training/fold5/gt_mask_343_567974d338a4f36e0c13.png,figures/report_images/training/fold5/gt_mask_343_567974d338a4f36e0c13.png,18_20250731_Plate1_A3_D14_MAX_Crop.tif,validation,5,50,gt_mask,Fold 5 validation gt_mask at epoch 50
fold5_progress,figures/wandb/training/fold5/pred_prob_299_543cb019109beba2b2f2.png,figures/report_images/training/fold5/pred_prob_299_543cb019109beba2b2f2.png,18_20250731_Plate1_A3_D14_MAX_Crop.tif,validation,5,10,pred_prob,Fold 5 validation pred_prob at epoch 10
fold5_progress,figures/wandb/training/fold5/pred_prob_310_50089cfa0feaa5068eb8.png,figures/report_images/training/fold5/pred_prob_310_50089cfa0feaa5068eb8.png,18_20250731_Plate1_A3_D14_MAX_Crop.tif,validation,5,20,pred_prob,Fold 5 validation pred_prob at epoch 20
fold5_progress,figures/wandb/training/fold5/pred_prob_321_7ca3c17ef3b3fa9c795a.png,figures/report_images/training/fold5/pred_prob_321_7ca3c17ef3b3fa9c795a.png,18_20250731_Plate1_A3_D14_MAX_Crop.tif,validation,5,30,pred_prob,Fold 5 validation pred_prob at epoch 30
fold5_progress,figures/wandb/training/fold5/pred_prob_332_1e414f7ec9a376d72c06.png,figures/report_images/training/fold5/pred_prob_332_1e414f7ec9a376d72c06.png,18_20250731_Plate1_A3_D14_MAX_Crop.tif,validation,5,40,pred_prob,Fold 5 validation pred_prob at epoch 40
fold5_progress,figures/wandb/training/fold5/pred_prob_343_dcbc97128a6d132c7fad.png,figures/report_images/training/fold5/pred_prob_343_dcbc97128a6d132c7fad.png,18_20250731_Plate1_A3_D14_MAX_Crop.tif,validation,5,50,pred_prob,Fold 5 validation pred_prob at epoch 50
fold5_progress,figures/wandb/training/fold5/pred_binary_299_c2d613cd891a0277e4b7.png,figures/report_images/training/fold5/pred_binary_299_c2d613cd891a0277e4b7.png,18_20250731_Plate1_A3_D14_MAX_Crop.tif,validation,5,10,pred_binary,Fold 5 validation pred_binary at epoch 10
fold5_progress,figures/wandb/training/fold5/pred_binary_310_7d5606370b23d558f271.png,figures/report_images/training/fold5/pred_binary_310_7d5606370b23d558f271.png,18_20250731_Plate1_A3_D14_MAX_Crop.tif,validation,5,20,pred_binary,Fold 5 validation pred_binary at epoch 20
fold5_progress,figures/wandb/training/fold5/pred_binary_321_4982028741f777bc6ad4.png,figures/report_images/training/fold5/pred_binary_321_4982028741f777bc6ad4.png,18_20250731_Plate1_A3_D14_MAX_Crop.tif,validation,5,30,pred_binary,Fold 5 validation pred_binary at epoch 30
fold5_progress,figures/wandb/training/fold5/pred_binary_332_02e051bf4db285e15c51.png,figures/report_images/training/fold5/pred_binary_332_02e051bf4db285e15c51.png,18_20250731_Plate1_A3_D14_MAX_Crop.tif,validation,5,40,pred_binary,Fold 5 validation pred_binary at epoch 40
fold5_progress,figures/wandb/training/fold5/pred_binary_343_966f034f3e621fd94869.png,figures/report_images/training/fold5/pred_binary_343_966f034f3e621fd94869.png,18_20250731_Plate1_A3_D14_MAX_Crop.tif,validation,5,50,pred_binary,Fold 5 validation pred_binary at epoch 50
fold5_progress,figures/wandb/training/fold5/attn1_overlay_299_cc8c9a0880af306b3c5c.png,figures/report_images/training/fold5/attn1_overlay_299_cc8c9a0880af306b3c5c.png,18_20250731_Plate1_A3_D14_MAX_Crop.tif,validation,5,10,attn1_overlay,Fold 5 validation attn1_overlay at epoch 10
fold5_progress,figures/wandb/training/fold5/attn1_overlay_310_effe037a3c29432bb475.png,figures/report_images/training/fold5/attn1_overlay_310_effe037a3c29432bb475.png,18_20250731_Plate1_A3_D14_MAX_Crop.tif,validation,5,20,attn1_overlay,Fold 5 validation attn1_overlay at epoch 20
fold5_progress,figures/wandb/training/fold5/attn1_overlay_321_3853608b6bf4237baa82.png,figures/report_images/training/fold5/attn1_overlay_321_3853608b6bf4237baa82.png,18_20250731_Plate1_A3_D14_MAX_Crop.tif,validation,5,30,attn1_overlay,Fold 5 validation attn1_overlay at epoch 30
fold5_progress,figures/wandb/training/fold5/attn1_overlay_332_ab12a52e508c8c81873d.png,figures/report_images/training/fold5/attn1_overlay_332_ab12a52e508c8c81873d.png,18_20250731_Plate1_A3_D14_MAX_Crop.tif,validation,5,40,attn1_overlay,Fold 5 validation attn1_overlay at epoch 40
fold5_progress,figures/wandb/training/fold5/attn1_overlay_343_2d90d47ca57f00ffd224.png,figures/report_images/training/fold5/attn1_overlay_343_2d90d47ca57f00ffd224.png,18_20250731_Plate1_A3_D14_MAX_Crop.tif,validation,5,50,attn1_overlay,Fold 5 validation attn1_overlay at epoch 50
fold5_progress,figures/wandb/training/fold5/attn2_overlay_299_1d241e4309248e855f42.png,figures/report_images/training/fold5/attn2_overlay_299_1d241e4309248e855f42.png,18_20250731_Plate1_A3_D14_MAX_Crop.tif,validation,5,10,attn2_overlay,Fold 5 validation attn2_overlay at epoch 10
fold5_progress,figures/wandb/training/fold5/attn2_overlay_310_dfbb942f41e64e8e6e65.png,figures/report_images/training/fold5/attn2_overlay_310_dfbb942f41e64e8e6e65.png,18_20250731_Plate1_A3_D14_MAX_Crop.tif,validation,5,20,attn2_overlay,Fold 5 validation attn2_overlay at epoch 20
fold5_progress,figures/wandb/training/fold5/attn2_overlay_321_532b7f632ab2a8319cf3.png,figures/report_images/training/fold5/attn2_overlay_321_532b7f632ab2a8319cf3.png,18_20250731_Plate1_A3_D14_MAX_Crop.tif,validation,5,30,attn2_overlay,Fold 5 validation attn2_overlay at epoch 30
fold5_progress,figures/wandb/training/fold5/attn2_overlay_332_e0d6cb5c4203ce196187.png,figures/report_images/training/fold5/attn2_overlay_332_e0d6cb5c4203ce196187.png,18_20250731_Plate1_A3_D14_MAX_Crop.tif,validation,5,40,attn2_overlay,Fold 5 validation attn2_overlay at epoch 40
fold5_progress,figures/wandb/training/fold5/attn2_overlay_343_1c261268d6dd5524c887.png,figures/report_images/training/fold5/attn2_overlay_343_1c261268d6dd5524c887.png,18_20250731_Plate1_A3_D14_MAX_Crop.tif,validation,5,50,attn2_overlay,Fold 5 validation attn2_overlay at epoch 50
fold5_progress,figures/wandb/training/fold5/attn3_overlay_299_ed5cada22ac6ea60cd24.png,figures/report_images/training/fold5/attn3_overlay_299_ed5cada22ac6ea60cd24.png,18_20250731_Plate1_A3_D14_MAX_Crop.tif,validation,5,10,attn3_overlay,Fold 5 validation attn3_overlay at epoch 10
fold5_progress,figures/wandb/training/fold5/attn3_overlay_310_bca3006f4a3479dc0395.png,figures/report_images/training/fold5/attn3_overlay_310_bca3006f4a3479dc0395.png,18_20250731_Plate1_A3_D14_MAX_Crop.tif,validation,5,20,attn3_overlay,Fold 5 validation attn3_overlay at epoch 20
fold5_progress,figures/wandb/training/fold5/attn3_overlay_321_dfe3356a82aa0f5ef54f.png,figures/report_images/training/fold5/attn3_overlay_321_dfe3356a82aa0f5ef54f.png,18_20250731_Plate1_A3_D14_MAX_Crop.tif,validation,5,30,attn3_overlay,Fold 5 validation attn3_overlay at epoch 30
fold5_progress,figures/wandb/training/fold5/attn3_overlay_332_42c4cdbc70e2ee328cab.png,figures/report_images/training/fold5/attn3_overlay_332_42c4cdbc70e2ee328cab.png,18_20250731_Plate1_A3_D14_MAX_Crop.tif,validation,5,40,attn3_overlay,Fold 5 validation attn3_overlay at epoch 40
fold5_progress,figures/wandb/training/fold5/attn3_overlay_343_31ca32627f261d9d5dfe.png,figures/report_images/training/fold5/attn3_overlay_343_31ca32627f261d9d5dfe.png,18_20250731_Plate1_A3_D14_MAX_Crop.tif,validation,5,50,attn3_overlay,Fold 5 validation attn3_overlay at epoch 50
